# 分桶操作


hive默认是没有打开分桶操作的（false状态）。需要指定

set hive.enforce.bucketing;

```
0: jdbc:hive2://node1:10000> set hive.enforce.bucketing;
+-------------------------------+--+
|              set              |
+-------------------------------+--+
| hive.enforce.bucketing=false  |
+-------------------------------+--+
```

打开分桶操作

>set hive.enforce.bucketing = true;

```
0: jdbc:hive2://node1:10000> set hive.enforce.bucketing = true;
No rows affected (0.007 seconds)
0: jdbc:hive2://node1:10000> 
```

指定分几桶

```
查看默认状态

0: jdbc:hive2://node1:10000> set mapreduce.job.reduces;
+---------------------------+--+
|            set            |
+---------------------------+--+
| mapreduce.job.reduces=-1  |
+---------------------------+--+
1 row selected (0.02 seconds)
0: jdbc:hive2://node1:10000> 

```
>set mapreduce.job.reduces=4;



###创建分桶表 clustered by

```
create table stu_buck(Sno int,Sname string,Sex string,Sage int,Sdept string) clustered by(Sno) into 4 buckets row format delimited fields terminated by ',';

```
###查看所有的表

```
0: jdbc:hive2://node1:10000> show tables;
+-----------------+--+
|    tab_name     |
+-----------------+--+
| day_hour_table  |
| stu_buck        |
| t_t1            |
| t_t2            |
| t_t3            |
| t_user          |
+-----------------+--+
6 rows selected (0.073 seconds)
0: jdbc:hive2://node1:10000> 

```

###查看表内容

```
0: jdbc:hive2://node1:10000> select * from stu_buck;
+---------------+-----------------+---------------+----------------+-----------------+--+
| stu_buck.sno  | stu_buck.sname  | stu_buck.sex  | stu_buck.sage  | stu_buck.sdept  |
+---------------+-----------------+---------------+----------------+-----------------+--+
+---------------+-----------------+---------------+----------------+-----------------+--+
No rows selected (0.106 seconds)
0: jdbc:hive2://node1:10000> 
```
显示出的表字段和创建的表字段是一一对应的

[学生数据](https://pan.baidu.com/s/1kWp0bNx)

**注意**针对分桶表数据，load data方式不能够导入成分桶数据（没有分桶效果）

原因：load 本质上相当于 hive 去帮我们执行hadoop fs -put命令

分桶表导入数据的正确方式是：

```
insert overwrite table stu_buck select * from student cluster by(Sno);

```
分析上面的sql语句可知，需要创建一个临时表studen,

```
create table student(Sno int,Sname string,Sex string,Sage int,Sdept string) row format delimited fields terminated by ',';
```

导入数据

```
LOAD DATA local INPATH '/root/hivedata/students.txt' INTO TABLE student ;
```
效果如下

```
0: jdbc:hive2://node1:10000> LOAD DATA local INPATH '/root/hivedata/students.txt' INTO TABLE student ;
INFO  : Loading data to table itcast.student from file:/root/hivedata/students.txt
INFO  : Table itcast.student stats: [numFiles=1, totalSize=526]
No rows affected (2.145 seconds)
0: jdbc:hive2://node1:10000> 
0: jdbc:hive2://node1:10000> 
0: jdbc:hive2://node1:10000> select * from student;
+--------------+----------------+--------------+---------------+----------------+--+
| student.sno  | student.sname  | student.sex  | student.sage  | student.sdept  |
+--------------+----------------+--------------+---------------+----------------+--+
| 95001        | 李勇             | 男            | 20            | CS             |
| 95002        | 刘晨             | 女            | 19            | IS             |
| 95003        | 王敏             | 女            | 22            | MA             |
| 95004        | 张立             | 男            | 19            | IS             |
| 95005        | 刘刚             | 男            | 18            | MA             |
| 95006        | 孙庆             | 男            | 23            | CS             |
| 95007        | 易思玲            | 女            | 19            | MA             |
| 95008        | 李娜             | 女            | 18            | CS             |
| 95009        | 梦圆圆            | 女            | 18            | MA             |
| 95010        | 孔小涛            | 男            | 19            | CS             |
| 95011        | 包小柏            | 男            | 18            | MA             |
| 95012        | 孙花             | 女            | 20            | CS             |
| 95013        | 冯伟             | 男            | 21            | CS             |
| 95014        | 王小丽            | 女            | 19            | CS             |
| 95015        | 王君             | 男            | 18            | MA             |
| 95016        | 钱国             | 男            | 21            | MA             |
| 95017        | 王风娟            | 女            | 18            | IS             |
| 95018        | 王一             | 女            | 19            | IS             |
| 95019        | 邢小丽            | 女            | 19            | IS             |
| 95020        | 赵钱             | 男            | 21            | IS             |
| 95021        | 周二             | 男            | 17            | MA             |
| 95022        | 郑明             | 男            | 20            | MA             |
+--------------+----------------+--------------+---------------+----------------+--+
22 rows selected (0.808 seconds)
0: jdbc:hive2://node1:10000> 

```


执行下面的命令后：

insert overwrite table stu_buck select * from student cluster by(Sno);

![](http://p2ehgqigv.bkt.clouddn.com/18-2-26/8526177.jpg)


<!--
create time: 2018-02-26 19:29:42
Author: Alfred

This file is created by Marboo<http://marboo.io> template file $MARBOO_HOME/.media/starts/default.md
本文件由 Marboo<http://marboo.io> 模板文件 $MARBOO_HOME/.media/starts/default.md 创建
-->

